Feature,Weight
feature_2 > 0.00,0.5104337361656187
feature_4 <= 0.09,0.05540537739659348
feature_6 <= 0.09,0.04203086726360766
feature_3 <= 0.02,0.037869012360271515
feature_1 <= 0.37,-0.03406140919588838
0.09 < feature_5 <= 0.10,-0.0046478732152129155
