Feature,Weight
feature_11 > 0.00,0.3688277708389418
feature_2 <= 0.00,0.25466777811781915
feature_20 > 24.00,0.1639982098325387
feature_18 <= 125.00,-0.1600775005447852
feature_17 <= 129.00,0.1375192536862132
feature_10 <= 0.00,-0.12094739554798438
feature_14 > 175.00,0.09240183665905721
feature_13 <= 67.00,-0.08886184327283637
32.00 < feature_5 <= 48.00,-0.0761243952407357
feature_12 > 101.00,0.06589445646642882
