Feature,Weight
HoursPerWeek > 0.32,0.10505191283148192
Maritalstatus <= -0.41,0.0298609852298133
-0.87 < Age <= -0.02,0.02729955143310562
Workclass <= 0.08,-0.01967540744427065
Education > 0.44,0.019111919929017646
0.09 < Occupation <= 0.80,0.012723967100652715
Relationship <= -0.90,-0.011302281115843221
Country <= 0.29,-0.007380401719275377
-1.43 < Sex <= 0.70,-0.0002688669124057691
Race <= 0.39,0.0
